id,name,email,phone
29577,Leda Kulas,leda30@johnnie.info,562.537.8938 x656
2572,Abbie Kertzmann,abbie9@wendy.com,1-665-891-8719
33768,Antwan Stokes,antwan_stokes@hadley.org,(887) 481-9911
93781,Elza Thiel,elza_thiel90@garrick.net,1-387-446-4118 x927
21365,Lenna Murphy,lenna65@pierre.net,303.468.1923 x23791
50108,Una Abshire,una67@marge.name,366-774-8923 x799
84175,Barrett Terry,barrett40@davion.biz,1-278-964-1676 x0256
54797,Cierra Dooley,cierra_dooley@madge.biz,490.433.9998
88620,Gay Jast,gay93@ebony.info,538-783-8925 x99502
97617,Willis Bogan,willis_bogan58@lela.name,1-468-630-4950
16017,Pietro Fay,pietro86@grayson.info,1-585-436-2556
54336,Taurean Hudson,taurean.hudson@roosevelt.biz,1-889-343-9957
71486,Aimee Koch,aimee94@ignacio.info,1-908-925-4698
10580,Enoch Hartmann,enoch95@myah.info,(733) 780-3864
66444,Constance Parker,constance_parker@gina.net,(387) 508-0395 x817
18697,Linnie Dickinson,linnie79@pearlie.net,935-440-2378 x279
85579,Camylle Langosh,camylle80@leonel.org,497.465.8443 x760
92570,Edyth Hansen,edyth_hansen32@jamal.name,(789) 894-3798 x2066
57602,Vickie Schroeder,vickie48@charlene.org,1-758-540-5331 x87420
22869,Freeda Towne,freeda20@dasia.net,901-626-9655 x2424
49485,Enola Hahn,enola26@bobbie.org,762.318.9332 x50080
30138,Deondre Ortiz,deondre_ortiz@izabella.biz,(955) 916-8685 x60613
95482,Prince Jenkins,prince_jenkins@litzy.org,395-980-0020 x091
29847,Kale Gutkowski,kale58@lindsay.org,1-405-484-5545 x553
87962,Katelynn Bednar,katelynn.bednar@eden.org,303-452-3510 x037
35993,Kadin Crooks,kadin_crooks12@jeramie.com,1-404-492-4075 x5466
78620,Ezekiel Turcotte,ezekiel.turcotte@olga.com,656-917-6161 x036
18473,Brooks Shields,brooks_shields@bria.net,(702) 399-1097
93674,Micaela Sipes,micaela_sipes77@holly.org,914.487.9502
33102,Domenico Harvey,domenico_harvey16@tommie.biz,(547) 332-2025
33088,Maiya Mohr,maiya_mohr@jan.net,(978) 298-0730
84797,Kacie Strosin,kacie.strosin34@dorian.org,791-562-7909 x27228
11458,Rubye Goodwin,rubye37@ada.info,(373) 800-9664 x095
2298,Anika Donnelly,anika_donnelly37@alexandro.biz,261.809.0429
937,Kayli Bernhard,kayli_bernhard43@kassandra.com,(368) 587-5514
29772,Esta Hauck,esta.hauck16@dulce.org,874.483.2688
43273,Joanny Schultz,joanny74@hank.net,971.633.3287
40199,Kaleigh Bergstrom,kaleigh32@arely.com,576-837-6366 x160
22884,Tabitha Brakus,tabitha_brakus69@otto.biz,(561) 917-9466
70328,Rhianna Krajcik,rhianna21@rahsaan.name,(673) 205-8533 x6327
18033,Petra Blanda,petra.blanda@kameron.org,(330) 965-6554 x3161
61277,Bella Kassulke,bella71@heloise.org,1-914-312-6422 x1234
88256,Bart Berge,bart73@chet.info,1-747-473-9603 x243
11288,Jennie Jenkins,jennie_jenkins@brycen.net,954.337.3673 x14508
33971,Sadie Walker,sadie.walker5@dorian.biz,268.217.7173
31310,Chesley Weimann,chesley_weimann@jerrod.org,225-867-3831 x10764
68050,Faustino Stark,faustino96@freda.org,1-316-330-1155 x714
39822,Joelle Fadel,joelle_fadel@beth.info,1-968-898-7270
15970,Keven Gutmann,keven.gutmann69@candice.com,(291) 348-5078 x2841
16353,Garrick O'Reilly,garrick_oreilly86@maurice.info,1-644-883-7898 x6610
97830,Charley Erdman,charley.erdman16@danyka.info,687.539.7782
53581,Maurine Paucek,maurine.paucek15@leora.biz,581.279.4446 x2511
13840,Laverne McKenzie,laverne_mckenzie@wilhelmine.name,(687) 478-1415 x283
62915,Nathaniel Dickens,nathaniel77@florencio.com,530-697-8667 x27591
1583,Forrest Padberg,forrest81@jessica.biz,855-323-7004 x33755
93032,Luther O'Kon,luther_okon88@margarita.net,813.583.6609 x41273
22295,Marion Huels,marion_huels@joelle.net,1-443-620-9629
21184,Gladyce Oberbrunner,gladyce_oberbrunner@irma.com,844-679-1386
76220,Lucy Murazik,lucy37@jean.info,268.947.6387 x02950
12958,Magnus Gottlieb,magnus.gottlieb@ebba.com,(645) 430-6402
57358,Hilbert Hermiston,hilbert_hermiston14@mandy.info,845.719.1284 x55565
28163,Rosemary Ebert,rosemary_ebert80@ocie.net,(388) 540-0726 x3695
45794,Jason Kovacek,jason_kovacek@buster.name,936-269-8116 x71261
12659,Guadalupe Medhurst,guadalupe.medhurst47@casimir.net,980.589.6945
12949,Meta Kuvalis,meta.kuvalis41@laurie.org,274-340-9513 x18835
32981,Jonathan O'Keefe,jonathan38@christ.com,957.795.8883 x7172
84671,Chesley Lemke,chesley.lemke@deborah.net,310.801.9128 x236
74326,Samantha Bashirian,samantha_bashirian@adella.com,910.325.8980 x7289
3465,Kenyon Senger,kenyon32@giovani.name,(201) 624-6868
29950,Roscoe Turcotte,roscoe71@jarrod.info,828.713.5202 x80317
91121,Floy Schaefer,floy.schaefer@maurine.com,1-557-321-4845 x3413
30059,Virginia Kuphal,virginia.kuphal@gunner.net,(852) 556-4363 x483
34326,Burnice Kertzmann,burnice60@ricardo.com,(757) 805-0881
39361,Chadrick Nitzsche,chadrick_nitzsche@leif.info,1-680-836-9879
76792,Eileen Wiza,eileen42@bernice.biz,582-302-3655 x5331
64710,Alayna Runte,alayna85@otho.info,840-594-2577
45414,Grayson Brown,grayson.brown55@juliet.org,1-956-575-0539 x042
28471,Cleveland Beatty,cleveland52@tiana.com,461-343-3027 x944
1519,Virgie Hermiston,virgie7@carolina.biz,1-636-921-0890
81885,Maybell Borer,maybell.borer81@adrain.net,1-742-891-0736
62546,Kennedi Jones,kennedi31@alfred.biz,1-539-207-1023
14014,Agustin Huel,agustin91@vincenza.name,725.926.8344 x1422
49133,Andreanne Swift,andreanne94@cathryn.info,926-699-4196 x9953
22735,Bethany Cole,bethany_cole@sonya.info,1-948-577-0680 x872
45453,Elinore Boyer,elinore_boyer@sigurd.info,1-248-535-0340
7525,Dangelo Reichert,dangelo49@caterina.biz,(806) 845-1601
75172,Chad Willms,chad_willms39@kendall.info,692.685.0222
87192,Hilda Mills,hilda_mills79@andrew.name,1-317-245-4263
24311,Katarina McKenzie,katarina88@kale.info,696.961.7207
21034,Ida Armstrong,ida.armstrong57@herbert.net,558-919-9137 x8835
57635,Noah Gerlach,noah_gerlach@gunner.org,1-754-724-2744 x404
87081,Marisa Miller,marisa_miller81@citlalli.org,902-228-1215 x3155
48378,Creola Parker,creola.parker@jacinto.biz,1-860-634-9138 x6956
75414,Esperanza Heaney,esperanza.heaney@cierra.com,1-256-272-3485 x6002
28612,Isaiah Welch,isaiah23@gail.biz,966.683.4161 x012
3911,Alta Nader,alta28@juanita.net,630.313.7168 x94865
30961,Theodore Stehr,theodore.stehr54@elody.info,(736) 548-3188
54091,Alexis Bergnaum,alexis.bergnaum0@darren.com,1-460-520-0199 x0389
4820,Verda O'Reilly,verda33@loyce.com,1-373-832-3304
89365,Bertram Heller,bertram_heller@bridie.org,546.286.1506
36119,Rosalee Hegmann,rosalee.hegmann54@vallie.biz,530.696.8006 x598
36943,Sven Kutch,sven_kutch@floyd.biz,306.245.0154 x5214
15199,Andy Prosacco,andy_prosacco@agustina.com,684.774.3847 x19216
29781,Marta Quitzon,marta.quitzon@bennie.com,(415) 633-8740 x23733
24214,Joelle Nicolas,joelle_nicolas@liam.info,209.436.5609
13875,Dion Hansen,dion.hansen@stevie.biz,1-766-795-4496
84813,Kirsten Dare,kirsten_dare@elda.biz,1-844-373-7847
73110,Taryn Balistreri,taryn_balistreri46@aileen.com,1-928-642-0519 x35992
28656,Jayson Waelchi,jayson55@hubert.biz,(783) 910-4898 x41140
98069,Kailyn Wunsch,kailyn56@reina.com,844.912.8421 x14056
13764,Alexandrine Dach,alexandrine22@alize.biz,1-671-225-3749 x8831
60534,Conner Vandervort,conner.vandervort69@edgardo.info,735.311.3098 x165
32595,Colt Rippin,colt_rippin@wilhelmine.info,(567) 744-7126
33571,Tito Weissnat,tito_weissnat@ferne.org,827-778-2075
12998,Leila Moen,leila.moen@adam.org,658.755.6241 x87696
28078,Dixie Herman,dixie.herman@lexus.biz,997-467-2479 x256
43254,Nadia Ledner,nadia_ledner@brielle.biz,1-394-440-5391 x84588
49964,Manley Collier,manley_collier22@allan.name,1-284-529-1217
25253,Shayna Langosh,shayna78@annetta.org,845.485.6873 x8526
60525,Enrico Dickens,enrico.dickens@edgardo.org,1-949-810-1037
9429,Hanna Johns,hanna.johns99@paris.biz,933.309.2659
12604,Maryjane Lind,maryjane5@immanuel.com,(206) 590-0047 x9711
64284,Lennie Friesen,lennie_friesen21@meta.org,432-873-1560 x434
27247,Roy Ruecker,roy.ruecker@bryce.net,837-975-0606 x072
81535,Marcelino Legros,marcelino_legros@hailie.org,(665) 553-4228 x8992
43084,Waino Halvorson,waino.halvorson@haylee.biz,(740) 892-3719
64491,Shaina Donnelly,shaina36@delaney.com,(221) 657-1571 x387
36647,Ernesto Wisozk,ernesto57@joshua.org,786.734.3283 x7985
53569,Pablo Luettgen,pablo85@lonny.net,919-661-1741
19597,Krystina Ziemann,krystina.ziemann89@demetrius.info,470.826.2241 x3058
97047,Kenyon Green,kenyon.green@geovanni.biz,469-207-9446
91504,Kiara Schultz,kiara21@floyd.net,638.287.4361 x924
51409,Joanie Stark,joanie20@rafaela.name,954-248-7686
25849,Bethany Langworth,bethany.langworth89@sidney.name,1-404-460-2317
14376,Micaela Stanton,micaela_stanton@rosa.info,443-423-1409 x1591
941,Antonetta Reilly,antonetta.reilly@raphaelle.info,421-231-4587
96032,Clement Thompson,clement.thompson96@amelie.net,599-892-3998 x124
89247,Joanie Braun,joanie_braun@harmony.com,1-568-644-3497 x95553
82814,Jaylin Rogahn,jaylin33@crystel.name,1-292-929-2247 x40677
53317,Oren Becker,oren30@tavares.org,743.582.1349 x2213
59550,Keshaun Gulgowski,keshaun_gulgowski@cole.info,870.826.7199 x7046
73305,Paul Tremblay,paul.tremblay@vivian.net,(577) 372-9357
82004,Audra Ryan,audra_ryan@nichole.info,607.825.2033
98280,Micah Strosin,micah46@sarina.com,690.525.9379
96914,Lenora Tillman,lenora_tillman88@gregory.info,239-261-5910 x630
73277,Lesley Waelchi,lesley.waelchi25@daisy.org,1-443-492-1561
6818,Anahi Hammes,anahi21@elvis.name,606.209.3726 x592
91071,Jerrold Koepp,jerrold.koepp@mona.net,1-431-383-7000
489,Lamont Christiansen,lamont79@loraine.biz,561-853-6329
40212,Clemens Schiller,clemens_schiller9@cesar.info,479.868.7198 x71491
35012,Zelma Braun,zelma86@aletha.info,441.788.6794
22714,Jewel Leffler,jewel_leffler@betsy.org,380.305.6808 x2128
31921,Rosalind Schamberger,rosalind.schamberger71@maxine.net,719.612.3805
69102,Rudy Hegmann,rudy73@keon.com,(541) 295-0843
92971,Ofelia Orn,ofelia_orn@candido.org,592-616-3914 x5978
49299,Helene Fadel,helene28@kraig.net,366.210.6407 x756
80612,Newton Beahan,newton_beahan83@jany.org,(846) 470-8369
1383,Esther Prohaska,esther_prohaska33@danial.com,1-593-618-1136
11720,Jayden Franecki,jayden_franecki@deion.org,(868) 615-1717 x5295
49062,Samir Jacobi,samir70@cyril.net,451.292.9616 x7853
8437,Natalie Bogisich,natalie.bogisich@alena.com,885-409-2323
81360,Riley Moen,riley_moen@roxanne.info,780.433.0374
52775,Mariano Wiza,mariano26@burnice.info,716-889-9330
44711,Jedidiah Nitzsche,jedidiah96@camron.org,995.613.3251 x5116
92888,Vilma Senger,vilma.senger@americo.name,1-510-663-7894
65924,Nigel Abernathy,nigel_abernathy85@shanelle.org,1-370-856-0881 x59452
98551,Lauryn Strosin,lauryn.strosin@phyllis.biz,370.559.3520 x7128
1154,Mitchell Predovic,mitchell45@telly.biz,(404) 586-1240
18169,Veronica Effertz,veronica55@remington.name,333-900-1790
66689,Ashtyn Kunze,ashtyn10@guadalupe.org,1-817-988-1955 x0812
63917,Henri Hessel,henri20@tiara.org,367-769-9174 x04456
5614,Anika Tromp,anika.tromp@al.biz,712-246-2070 x223
46747,Loraine Prohaska,loraine.prohaska@leland.info,1-931-242-9712
13026,Theo Gorczany,theo52@aron.biz,(542) 896-1823
15849,Russel Kassulke,russel_kassulke@torey.name,398-280-9285 x8500
17082,Dwight Hodkiewicz,dwight_hodkiewicz@chelsey.net,(937) 986-9550 x45924
17553,Marley Leffler,marley.leffler@robert.org,(933) 986-7802 x69996
34020,Luther Hegmann,luther.hegmann@marianne.name,982-731-0063
83398,Nova Zboncak,nova.zboncak35@theron.name,(208) 628-2509
85874,Aiyana Gorczany,aiyana.gorczany55@reynold.biz,235.695.0150 x9369
94442,Jackie Runolfsson,jackie_runolfsson61@rocky.biz,818.932.4363 x44081
84333,Zander Hoppe,zander_hoppe9@charity.biz,732-828-7563
96772,Lelah Mitchell,lelah.mitchell11@calista.name,539-912-3342
94582,Freddy Bradtke,freddy9@camylle.com,1-492-597-1114
6499,Robyn Lang,robyn88@waldo.com,1-788-386-8652 x207
44475,Hilda Metz,hilda.metz49@reta.info,1-689-315-9982 x8462
31299,Elian Kassulke,elian.kassulke10@ismael.info,(852) 841-5850 x032
45101,Max Hickle,max_hickle@reginald.name,770.493.2361 x272
1971,Krystal Flatley,krystal.flatley16@ahmad.biz,320-993-5956 x321
87563,Marta Botsford,marta_botsford@abdul.org,1-902-326-2452 x283
85922,Karolann Steuber,karolann_steuber87@sterling.biz,320.943.9500 x35384
38165,Anita Waters,anita90@shirley.biz,1-727-880-0399 x41040
60096,Zora Bernhard,zora_bernhard49@lyla.net,1-714-731-7509
13135,Gail Gislason,gail18@lacy.info,342.898.1908
34367,Tyree Watsica,tyree_watsica@christine.biz,1-707-973-1338 x96260
13614,Alverta Wilderman,alverta1@sadye.name,1-635-316-5727 x1469
41021,Tyrese McLaughlin,tyrese_mclaughlin@adonis.biz,488.913.7611
63382,Ronaldo Bartoletti,ronaldo54@ciara.name,910-614-5794
44835,Una Fritsch,una.fritsch39@deangelo.info,1-925-251-3095 x9548
4337,Ola Corwin,ola.corwin@alexys.net,683.520.9480 x32727
37094,Ray Welch,ray.welch15@consuelo.net,(995) 418-1394 x5983
30492,Dagmar Mills,dagmar39@adell.com,(277) 564-3719 x384
42058,Fritz Ferry,fritz.ferry77@virgie.biz,1-367-305-0092 x052
34131,Roosevelt Berge,roosevelt.berge@tracy.biz,1-423-396-5891 x5965
96831,Estelle Gottlieb,estelle82@darryl.com,(842) 353-2742
74814,Lula Ratke,lula78@cedrick.name,1-248-339-5319
4348,Pasquale MacGyver,pasquale40@deangelo.name,797-726-0811
55470,Rudolph Lang,rudolph.lang@carolanne.net,389-620-4876 x755
11878,Nicola Lesch,nicola64@clare.com,(737) 998-3614 x67497
40178,Domenico Cassin,domenico41@frederic.net,627-800-8663 x288
52691,Nicholaus Gusikowski,nicholaus_gusikowski@talon.biz,1-712-312-0378 x80963
77205,Elian O'Kon,elian_okon30@trisha.info,(478) 524-5554 x32339
39255,Hunter Stroman,hunter63@margie.com,1-907-702-1382
82092,Waldo Pfeffer,waldo.pfeffer@mathias.name,(808) 981-3594 x292
75678,Lamar Russel,lamar.russel2@marcelino.com,597.878.3096 x73681
76695,Trevor Goodwin,trevor_goodwin@monica.org,653-804-5763
42621,Darrel Leffler,darrel.leffler@carmella.info,676.686.6885 x41455
30519,Dangelo Stanton,dangelo_stanton15@casimir.name,1-224-478-5073 x9642
45852,Sydnie Koepp,sydnie_koepp64@kenny.net,523.379.1339 x83110
46079,Eusebio Goodwin,eusebio_goodwin@roberta.info,(593) 364-0250 x576
55434,Virgie McCullough,virgie.mccullough@karlee.org,(850) 202-7618 x9699
17375,Cristian Rohan,cristian48@tamia.com,417-566-6326
23002,Calista Witting,calista_witting@kory.org,319.668.2444 x5605
85473,Alicia Kiehn,alicia2@eunice.info,312-481-1958
36479,Eliane Schaden,eliane.schaden10@wilfredo.org,(898) 884-8115
14117,Richie Bogisich,richie_bogisich97@gardner.net,1-961-756-8233 x258
37638,Lauren Adams,lauren.adams@clifford.info,335.440.7262 x8140
70556,Imani Williamson,imani.williamson23@callie.net,(568) 850-4696 x053
39137,Cristal Leannon,cristal_leannon@laury.name,1-378-368-3910 x878
68177,Beulah Farrell,beulah.farrell28@geoffrey.biz,(934) 224-2551 x98342
67029,Reuben Sawayn,reuben.sawayn21@kianna.net,1-981-344-4921 x1683
63471,Elena Kihn,elena38@narciso.info,920-299-1174 x2291
75327,River Sauer,river_sauer@brennon.info,(703) 505-2242 x79750
69635,Manley Lueilwitz,manley.lueilwitz98@leta.info,(290) 944-8016 x08835
31817,Hester Zboncak,hester.zboncak@melvina.info,(521) 787-1428 x6081
77006,Delilah Stehr,delilah41@gennaro.org,723-735-2443 x27428
44784,Vanessa Kirlin,vanessa74@marisol.biz,835.287.2484
90832,Tyson Leannon,tyson_leannon@reanna.com,412-434-5040 x876
96666,Coleman Morar,coleman97@jeanne.com,506-483-7209 x1981
81750,Leta Botsford,leta21@lavon.org,(523) 238-4892 x82332
88875,Marquise McKenzie,marquise.mckenzie14@izabella.net,(656) 554-8278 x6404
36024,Ahmed Ledner,ahmed_ledner@lavonne.com,1-704-608-5877 x28080
18354,Ned Block,ned_block67@erna.org,1-367-332-5031
35795,Jacklyn Emard,jacklyn.emard36@katheryn.com,504-533-8300
17570,Nikki Klocko,nikki.klocko@danyka.org,905.394.3097 x37166
44284,Lavada Hermann,lavada_hermann74@sophia.biz,1-643-686-1699
88388,Devonte Adams,devonte_adams@patsy.info,726.680.6282 x949
58480,Dax Metz,dax_metz@joel.com,1-241-898-1592
33012,Elsa Kihn,elsa47@kenya.biz,283.776.2539 x888
92423,Lesley Harris,lesley_harris@zoe.biz,(857) 718-1362 x6436
4130,Bert Deckow,bert36@brady.org,(363) 471-4044 x359
79847,Keeley Kihn,keeley.kihn@leonie.com,692.672.3959 x6854
51620,Isidro Gaylord,isidro.gaylord80@alex.biz,(907) 783-6207 x468
80401,Linnea Kris,linnea83@walter.com,(529) 561-9206
47508,Janick Schulist,janick.schulist@deron.org,640-709-7544 x740
24057,Jamie Corwin,jamie.corwin@blaze.info,276.354.1422
30715,Beaulah Little,beaulah.little@ronaldo.name,1-883-560-6001
25119,Robert Maggio,robert65@nichole.biz,1-466-562-3662 x51810
78383,Clementine Cremin,clementine99@rosa.biz,(348) 607-7837
58095,Lesly Durgan,lesly.durgan19@edgardo.org,1-804-276-2001
54116,Elijah Grimes,elijah_grimes@travis.info,515-473-3244 x1757
68273,Dayna Champlin,dayna15@garrison.net,1-538-660-0063 x71369
16584,Skye Nikolaus,skye_nikolaus@velma.biz,794.554.5076 x693
54121,Jeffrey Upton,jeffrey_upton13@valentin.org,447-769-5925
52402,Annabel Stark,annabel7@simeon.org,(603) 567-1315
73196,Alanis Bergnaum,alanis.bergnaum26@zion.com,1-779-323-5087 x5329
34365,Serena Bruen,serena17@nolan.info,1-260-865-5300 x672
4835,Ephraim Crooks,ephraim.crooks75@aiyana.net,1-592-288-1724
39436,Lorenzo Goodwin,lorenzo_goodwin23@bill.com,1-619-510-4863 x218
71293,Trevor Macejkovic,trevor.macejkovic19@hazel.name,596-357-3806 x2548
6314,Kirstin Hilpert,kirstin_hilpert28@doug.net,932-769-6659 x44570
42191,Rudy Cummings,rudy62@keely.org,415.897.1935 x52008
13793,Judd Nolan,judd_nolan@irving.net,548.948.2662 x4349
45151,Tatyana Oberbrunner,tatyana4@colby.biz,(962) 937-8866 x815
7722,Nola Herman,nola_herman17@travis.com,431-912-3891 x39757
43487,Dexter Grady,dexter_grady@crystal.org,511.357.2958 x6823
74264,Stan Wilderman,stan27@jeanette.com,1-253-417-3030 x84218
67238,Bart Hauck,bart_hauck89@dale.info,235-768-5604
57108,Alvis Champlin,alvis.champlin@ferne.net,1-653-929-1609
34460,Stacy Tillman,stacy.tillman@nicole.info,517-481-0684 x6476
64295,Grant Tromp,grant.tromp59@annetta.com,976-945-1227
21767,Roscoe Zemlak,roscoe.zemlak@horace.com,772-481-4803 x896
30809,Ettie Skiles,ettie23@belle.info,(304) 800-3041 x0702
42157,Osborne Rath,osborne_rath@lynn.biz,1-922-723-1584 x24033
98251,Skylar Kemmer,skylar_kemmer@dawn.net,1-905-915-6913 x7459
39479,Jakayla McCullough,jakayla_mccullough2@nicholas.net,1-246-795-6557 x049
58279,Rodrigo Bartoletti,rodrigo.bartoletti@victor.biz,(751) 616-3647
34576,Buck Hintz,buck.hintz@deangelo.biz,1-323-327-5777
32805,Declan Barton,declan_barton92@carlee.biz,308-419-4590 x067
8576,Vena Brown,vena.brown10@jakob.biz,552-523-4173 x2744
26429,Lance Stiedemann,lance_stiedemann@shyanne.info,(822) 923-2193
55488,Letha Friesen,letha_friesen@amalia.com,986-402-0262
3170,Damien Huel,damien_huel34@tressa.info,1-977-594-4471 x594
68735,Madison Boyle,madison31@josie.org,1-251-758-8439 x66108
9117,Jayden Lynch,jayden.lynch16@luisa.net,331-855-8403 x54609
48668,Deon Emard,deon39@mae.com,1-989-432-5021 x801
65767,Dina Rogahn,dina_rogahn19@lucious.biz,497.800.8530 x11506
45588,River Ruecker,river_ruecker74@kiera.name,812-271-0218 x273
27881,Lance Fahey,lance_fahey@daron.biz,810.901.5427
38099,King Erdman,king.erdman@remington.biz,896-936-4469
58126,Henri Medhurst,henri.medhurst@cortney.com,774-289-6949
17207,Chet Jacobi,chet.jacobi@dolly.net,532-298-1965
7448,Dolores Barrows,dolores60@wilhelm.net,(512) 541-9842 x2165
30276,Adriana King,adriana11@charles.net,401.872.6120
15868,Trevion Larson,trevion.larson42@barney.biz,483-421-2049 x06716
47096,Germaine Ruecker,germaine.ruecker@gretchen.com,611.451.4247 x03318
97477,Phyllis Hamill,phyllis85@carolanne.name,1-237-501-9744
10659,Electa Considine,electa.considine10@andy.name,(830) 900-3891 x4233
41532,Theodore Bartoletti,theodore.bartoletti@julio.biz,1-673-578-1148 x008
93467,May Jenkins,may.jenkins56@braulio.net,223.493.8787 x1228
81212,Melyssa Johnston,melyssa_johnston@alfreda.org,(248) 611-6394
16749,Sabina O'Keefe,sabina58@laurine.com,1-740-565-0705
78528,Marquis Rohan,marquis.rohan@kaelyn.com,535-674-1443 x20174
62656,Trever Rowe,trever.rowe@sylvan.name,1-607-571-9085 x7074
24269,Derick Hamill,derick.hamill@rashawn.org,766-712-5364
66035,Kaelyn Kuhn,kaelyn_kuhn@cade.biz,(472) 703-3342 x6073
23417,Howard Hettinger,howard0@hillard.biz,516-742-0618 x945
28765,Ilene Feil,ilene_feil42@lupe.com,1-287-391-6396 x962
27002,Otis Kuphal,otis.kuphal@seth.info,(265) 290-0071
84601,Chaya Kautzer,chaya.kautzer75@granville.info,1-662-627-4076 x485
73533,Maximo Gutmann,maximo95@hiram.biz,716-569-2978
11818,Justine Kuphal,justine.kuphal69@akeem.net,893.690.4058 x693
6169,Sonny Dooley,sonny.dooley@zoey.net,201.266.2170 x21876
92490,Guillermo Stanton,guillermo.stanton@laverna.info,726-980-3553 x50130
79250,Cesar Rath,cesar.rath70@bernadette.info,762-589-9619
92538,Marie Jaskolski,marie.jaskolski77@summer.net,837.647.0934
9332,Blair Labadie,blair.labadie9@laurence.biz,(545) 416-4424 x6366
62151,Barry Fadel,barry.fadel22@camren.net,430-311-0965 x837
35313,Junior Bode,junior.bode27@saul.biz,944.839.1298
30462,Amira Bergnaum,amira10@broderick.name,1-683-392-1205 x71834
17351,America Bosco,america.bosco43@kirstin.net,849-341-9252 x592
22405,Dianna Hayes,dianna.hayes28@vilma.biz,1-841-240-3753 x126
60055,Simone Toy,simone75@chanel.net,875-751-3206 x066
27268,Addison Wilkinson,addison_wilkinson@chyna.info,(201) 302-7743 x020
86092,Jailyn Borer,jailyn72@dariana.name,(702) 618-4107
8934,Percival Kuhlman,percival41@rosalia.net,1-385-380-7490 x897
79882,Rosemarie Schneider,rosemarie29@ryann.net,1-923-308-4362 x0875
76909,Keven Reinger,keven9@enos.org,(232) 510-6053 x81256
22661,Claire Watsica,claire.watsica4@taurean.biz,420-323-3225
95739,Roxane Bogan,roxane_bogan@ila.name,1-496-732-9997 x41820
91451,Virgie Bechtelar,virgie91@ferne.com,781.323.6420 x200
77644,Ivy Rutherford,ivy62@george.com,963.914.5952 x60499
29802,Kamille Pagac,kamille_pagac66@cassidy.net,868.666.5425 x603
54588,Clotilde Rippin,clotilde.rippin@kristofer.org,448.417.0808 x887
77760,Oswaldo Bahringer,oswaldo.bahringer42@abdullah.biz,(200) 496-7163 x7729
10162,Earnest Sanford,earnest_sanford@rex.net,1-397-464-3847 x8077
88895,Marlon Bins,marlon_bins@adella.com,203.974.6101 x89767
7059,Filomena Buckridge,filomena_buckridge37@reid.com,749-498-2414
75505,Terry Collins,terry_collins3@bertram.name,(278) 215-0192
98050,Grayson Hermann,grayson34@jamar.name,1-486-833-8956
23157,Effie Berge,effie76@helmer.info,1-452-996-0146
64520,Imani Waters,imani.waters60@marian.info,(497) 234-9792
84127,Larry Yundt,larry62@dariana.info,(862) 767-6191
78485,Coty Schmitt,coty_schmitt76@darrel.org,854-303-6682
37685,Naomi Bernier,naomi20@emory.com,970-987-8511
88762,Floy Hettinger,floy.hettinger@valentina.net,(753) 971-9084
54986,Marcelle Macejkovic,marcelle.macejkovic58@maritza.name,1-829-383-2978 x8222
48027,Beryl Schiller,beryl_schiller@percival.com,(563) 837-5657 x335
43310,Fanny Reichel,fanny_reichel@giovanny.com,461.320.8067
46380,Jaycee Schumm,jaycee38@reagan.org,(396) 395-0023 x4555
69565,Benjamin O'Reilly,benjamin.oreilly39@neil.org,926.651.6873
65991,Tiara Hayes,tiara.hayes@baron.biz,1-763-533-5210 x07572
65616,Nayeli Gibson,nayeli.gibson42@theodore.info,332-552-3313
84364,Marcus Hahn,marcus46@frances.name,(321) 838-0704 x233
61802,Gage Abernathy,gage.abernathy@jayme.info,515.260.6599 x09025
15068,Neva Robel,neva.robel60@mohammad.org,917-861-2175
726,Florida Dooley,florida.dooley@nelson.info,703-874-2004 x44208
16848,Esteban Murphy,esteban_murphy@katheryn.com,(953) 425-4755 x6179
8617,Paxton Ernser,paxton98@brown.biz,836-367-3641
64476,Gregorio Green,gregorio11@wilhelmine.org,(498) 609-0587
83201,Barton Spencer,barton_spencer@rhianna.name,1-920-603-6866
38324,Cedrick Jenkins,cedrick16@bethany.net,(522) 357-0370
82166,Odie Considine,odie.considine@herta.info,645-594-5287 x101
31369,Blaze Wunsch,blaze_wunsch@leonor.biz,771-227-4747
35487,Dejon Murazik,dejon.murazik9@sadie.info,760.752.8122
52886,Ezekiel Hills,ezekiel10@vita.com,347.375.9659 x41194
16231,Daphnee O'Kon,daphnee_okon8@bulah.biz,(992) 654-5614
20381,Tony Hamill,tony7@jaiden.com,(943) 339-4815
56606,Jovany Mayert,jovany_mayert83@jessika.name,387.795.7142 x7939
71833,Carley Fay,carley91@maxwell.name,231.505.0938 x669
90921,Frederik Mertz,frederik.mertz@easter.biz,285.730.4897
65874,Lance Marquardt,lance.marquardt@ashlee.info,331.364.6555 x546
77045,Mason King,mason_king31@ryan.net,1-997-257-7784
93477,Floyd Mills,floyd_mills27@dereck.info,455.341.5490 x0374
66208,Rickey Wyman,rickey.wyman29@destany.net,(402) 518-8794
60499,Alana Auer,alana75@domenico.org,629.844.9927 x96936
70908,Macie Bogisich,macie98@yolanda.net,923-984-4013
93702,Gerhard Goldner,gerhard10@conrad.biz,1-949-301-7214
54142,Lucy McDermott,lucy_mcdermott49@layla.biz,946-805-3348
73353,Nella Jast,nella.jast@rogers.name,(747) 906-3680
19845,Willow Gulgowski,willow.gulgowski@skyla.com,1-677-547-2352 x021
28714,Grady Hintz,grady_hintz@bertha.name,626-359-6966
2175,Krystel Weissnat,krystel33@vidal.org,844-743-7518 x75208
32262,Jessyca Bernier,jessyca_bernier@alisa.com,982-747-1839 x78505
59326,Reinhold Goyette,reinhold.goyette66@brandy.com,(217) 760-5382 x60332
88170,Granville Yundt,granville_yundt63@moriah.biz,939-626-6734
60771,Darrick Parisian,darrick53@daniella.net,1-740-926-4724 x807
42533,Sean Dooley,sean.dooley@forrest.info,1-514-417-1870
42524,Josie Leannon,josie.leannon@floy.org,739.408.5306 x353
33130,Sigmund Kessler,sigmund80@ashly.info,337.557.4388 x018
429,Antoinette Kihn,antoinette.kihn49@alisha.name,(833) 725-9773 x604
66411,Mohamed Bartell,mohamed.bartell26@shawn.info,1-204-201-7837 x231
78706,Ernest Heaney,ernest42@tatyana.org,1-552-910-3228 x333
69571,Jaylin Dach,jaylin_dach@theresia.info,(443) 489-4556
92718,Elva Green,elva.green@grover.com,285-944-1866 x0515
41691,Vincenza Beatty,vincenza_beatty@rosina.net,406.689.6189 x268
46132,Earl Zieme,earl_zieme@autumn.name,980.595.8739
4533,Willow Sawayn,willow_sawayn12@karen.org,320-242-3288 x56247
55861,Leann Gorczany,leann_gorczany7@darron.com,668.988.4089 x3949
21185,Norris Auer,norris.auer14@toby.org,(529) 398-9278 x1691
20862,Carmela Treutel,carmela.treutel47@alvah.biz,423.390.5397
6737,Danika Kutch,danika.kutch@earline.net,(668) 335-4831
12366,Berniece Ratke,berniece35@ed.info,723-877-7861 x67203
26244,Cody Johns,cody.johns@enola.org,850-381-0323
8549,Lauriane Ondricka,lauriane92@margarett.org,584-678-6475 x094
96123,Cyrus O'Conner,cyrus.oconner83@emmanuelle.info,475-524-9217 x0655
60386,D'angelo Ruecker,dangelo_ruecker85@jennings.net,224-350-8332
77822,Ida Ortiz,ida_ortiz21@bryce.biz,(267) 298-8018 x13243
58574,Stan Hickle,stan.hickle@orland.net,1-629-585-9556 x45291
98566,Antonette Ullrich,antonette_ullrich@nyah.com,(508) 627-8636 x49259
23181,Charlie Stroman,charlie_stroman@cassandra.com,(873) 286-2444
99226,Dorothy Ryan,dorothy27@florida.name,(410) 344-0384 x066
94437,Leora Ritchie,leora_ritchie@gladys.name,233-494-4068
33381,Katarina Pagac,katarina.pagac5@leilani.com,1-780-879-8396
2558,Grant Lockman,grant_lockman35@eden.com,1-215-702-7020 x08990
44505,Idella Batz,idella11@alison.info,611-480-0433
55709,Adolphus Bahringer,adolphus.bahringer32@kurtis.net,743-806-3027
73304,Nick VonRueden,nick.vonrueden4@hosea.biz,1-390-842-8071 x9477
44307,Duncan Cruickshank,duncan_cruickshank@dulce.name,(805) 831-9704 x6042
52289,Evie Renner,evie.renner@ethyl.org,351.916.6348 x282
84685,Frederique Stark,frederique60@nils.name,365.434.8596
58833,Felix VonRueden,felix_vonrueden70@gayle.biz,825-206-0965
47034,Aracely Hackett,aracely52@misty.com,569-768-2561
75976,Nick Sanford,nick13@corbin.org,860-516-0837
59077,Hazle Windler,hazle_windler87@harrison.net,(318) 639-5156 x167
28196,Betty Marks,betty_marks58@deangelo.info,(546) 816-0741 x26503
65505,Eugenia Wiza,eugenia.wiza@ova.net,405.273.2159 x85495
41771,Mittie Rath,mittie.rath59@sylvia.biz,459-431-5179
44550,Rowland Hermiston,rowland_hermiston9@velva.biz,871-342-4016
95190,Vladimir Fisher,vladimir_fisher13@michael.org,390.688.6388 x1482
50416,Una Heathcote,una_heathcote@adella.biz,1-591-638-2596 x01632
15721,Alverta Kling,alverta_kling@candice.info,1-574-245-9095
53392,Jayde Dach,jayde.dach69@chance.biz,218-786-6616 x48757
53165,Allison Koch,allison80@madaline.name,1-577-919-5592 x835
71487,Norris Maggio,norris10@gussie.com,369.714.6297
4756,Durward Hickle,durward_hickle@louisa.biz,989.322.7526 x8537
5727,Annabelle Champlin,annabelle.champlin97@jadyn.biz,315-454-3179
14124,Tito Johnson,tito_johnson@isobel.name,(339) 503-5874
30339,Meggie Dooley,meggie49@antonio.org,223-829-4112 x7987
42784,Scotty Hermann,scotty_hermann55@maxine.name,558-908-3689
73377,Cleve Hermann,cleve97@eleazar.info,1-412-472-4780
59707,Alice Keeling,alice_keeling@darrel.net,(880) 504-0764
77745,Fannie McLaughlin,fannie_mclaughlin36@leta.name,936-234-3895 x27525
82227,Otis Gerhold,otis.gerhold8@helene.net,686-389-6539 x45894
36434,Brenna Schaefer,brenna.schaefer@kendra.biz,(318) 797-8904
11055,Estefania West,estefania.west80@jamey.biz,342-501-9559
3724,Santiago Bahringer,santiago_bahringer@durward.biz,1-740-777-0138 x27822
46733,Vicente Funk,vicente.funk@armando.name,279-562-1868 x82705
25732,Marcos Beatty,marcos_beatty@lee.com,1-309-713-4364
17074,Taryn Zulauf,taryn6@hudson.info,(889) 525-6955
9182,Lexi Hyatt,lexi33@fidel.info,311.574.1070 x305
37755,Raphael Tromp,raphael.tromp@christophe.biz,519-882-2416 x57887
53386,Vicente Bergnaum,vicente_bergnaum34@heber.name,962.963.4506
91610,Camren Heathcote,camren.heathcote72@annalise.biz,1-924-677-0382 x9524
89090,Margarete Reynolds,margarete77@hellen.info,(507) 370-6726
50112,Roderick Jenkins,roderick_jenkins@mathias.biz,217.853.6074
32080,Rafaela MacGyver,rafaela_macgyver92@ethyl.name,(216) 347-9163 x14754
60243,Issac Grady,issac.grady@terrill.name,545.345.4640 x90595
73783,Sheldon Gibson,sheldon49@gerhard.name,411.294.0762
83911,Raleigh West,raleigh_west13@cortney.org,320-294-1391 x228
32592,Hertha Johnson,hertha_johnson85@ed.net,989-336-3598
92278,Florida Dietrich,florida78@ahmad.info,901-894-4830
3409,Gaylord Gottlieb,gaylord7@lorenzo.biz,(416) 916-1446
55407,Jerrold Lebsack,jerrold_lebsack85@norbert.info,1-405-615-4860 x22214
48798,Kristoffer Cremin,kristoffer67@ransom.info,(257) 934-3799 x3250
93403,Camilla Hyatt,camilla89@laverne.org,699.930.2835 x026
14543,Madisyn Quigley,madisyn.quigley87@albert.net,242-735-6615 x772
90781,Maymie Wisoky,maymie26@ambrose.name,772.639.8862
84596,Chauncey Lockman,chauncey_lockman5@bettie.com,419-797-5273
57916,Hailee Quitzon,hailee_quitzon49@gracie.name,353-880-5409 x55148
8902,Kristina Moen,kristina59@dorothy.biz,815-330-9089 x68738
84545,Abbey Beatty,abbey.beatty90@callie.name,753-578-8185 x777
82285,Corbin Dicki,corbin18@gerry.name,(223) 895-1979 x70436
70142,Emmett Morissette,emmett92@arnaldo.biz,924.872.2464 x878
39116,Jennifer Ondricka,jennifer84@libby.info,(588) 988-1388
89170,Hassie Tromp,hassie_tromp7@abbie.info,815.767.6347 x331
29941,Brain Reichert,brain.reichert@bailee.biz,943-356-3421 x6760
58174,Clair Hayes,clair.hayes@lexi.biz,(604) 936-4878
80904,Chelsea O'Hara,chelsea_ohara22@gerda.info,681.338.6333
62868,Aglae Klein,aglae.klein@kendrick.net,(712) 882-9898 x30130
74598,Destiney Keeling,destiney_keeling@wilfred.org,(362) 752-7901 x72487
64541,Raphael Hintz,raphael16@orlando.org,(817) 261-8932 x306
77337,Hellen Ebert,hellen_ebert@marcus.org,417-875-2547 x04554
74452,Rachel Paucek,rachel_paucek82@hershel.biz,897.869.8494 x38506
41303,Mallie Wilkinson,mallie.wilkinson@susie.net,(886) 801-0435 x6882
64256,Jackeline Morar,jackeline_morar41@javon.com,731-331-5073 x205
55286,Ara Bernier,ara_bernier86@hailee.com,1-433-236-3116
2465,Declan Welch,declan_welch@hilda.com,696.642.5522 x863
93031,Price Haag,price_haag84@rhett.org,201-813-8842 x1946
50933,Jamil Langworth,jamil8@milton.net,1-452-790-6807
614,Cornelius Hegmann,cornelius87@harmon.net,(948) 472-8694
92124,Ignatius Mosciski,ignatius.mosciski1@millie.net,1-379-397-1904 x47873
63313,Madyson McLaughlin,madyson_mclaughlin@dennis.com,(218) 227-2684 x60991
78283,Bonnie Langworth,bonnie_langworth4@frankie.net,1-383-902-4254 x634
55525,Dan Wiza,dan.wiza43@amy.net,(370) 729-8476
32103,Michel Lockman,michel_lockman@hailee.info,1-421-474-7738 x514
26721,Catherine Marvin,catherine_marvin@alvena.info,1-665-564-1440
70489,Zetta Prohaska,zetta48@lurline.name,409-431-4254 x40983
62563,Giuseppe Schiller,giuseppe.schiller@antonietta.name,739-770-1677
47156,Ashley Ortiz,ashley.ortiz12@kiel.name,860.978.7635
52174,Lia Pfannerstill,lia.pfannerstill@cayla.info,275-450-2627
46946,Chadd Hoppe,chadd_hoppe87@lisandro.com,869-459-0673 x149
39216,Dewayne Herzog,dewayne51@carter.net,(622) 941-6429 x1950
95975,Bridgette Rolfson,bridgette26@marisol.name,1-902-681-3567
45240,Nathanial Zulauf,nathanial_zulauf66@carolina.org,520-643-9310 x8167
43322,Evalyn Ebert,evalyn_ebert@thaddeus.name,1-494-552-1004 x2632
33143,Syble Wilkinson,syble.wilkinson95@melody.name,353.961.9046
43277,Richmond Hansen,richmond_hansen@ethelyn.org,369-451-8518
17727,Alan Heidenreich,alan_heidenreich@charley.org,(320) 818-1706 x69850
82629,Kariane Koch,kariane.koch72@bertha.org,812.212.3116
11093,Jamison Gaylord,jamison79@adriana.info,885-611-5920
46209,Marshall Ullrich,marshall24@cora.name,(462) 537-3679 x4340
75150,Cole Goyette,cole27@maurice.net,(400) 856-9060
71969,Ona Hilpert,ona.hilpert22@hayden.name,665-841-2318
77174,Taylor Nolan,taylor87@tyreek.info,1-555-549-5772 x2506
87569,Ryan Bruen,ryan84@emmalee.com,785.244.9289
7681,Carmella Lockman,carmella.lockman79@verla.org,831.412.5616
59166,Jaylin Bode,jaylin2@josefa.name,1-839-797-4241
19264,Dell Kirlin,dell.kirlin@sean.biz,855.350.6954 x525
65438,Cathrine Bartoletti,cathrine3@tressie.info,299.448.1669 x83730
55231,Pattie Deckow,pattie_deckow@clarabelle.info,1-893-635-3756
62148,Tracy Hyatt,tracy.hyatt@princess.info,870.687.1614
71203,Loren Dooley,loren.dooley9@zachariah.biz,873.862.3247 x4508
1083,Eusebio Hamill,eusebio.hamill64@pearlie.name,430-946-6636 x5461
66437,Anissa Howell,anissa_howell@gordon.biz,765-849-3840
1530,Alia Bednar,alia.bednar@claude.net,988.932.8221
84376,Timmothy MacGyver,timmothy18@winfield.name,1-346-907-1879 x9881
22290,Guadalupe Hauck,guadalupe.hauck@mariam.info,925.475.9650 x0628
3899,Meredith Mraz,meredith.mraz@roderick.com,1-897-214-5082
3318,Juston Torphy,juston94@josefina.com,(858) 666-4117
48925,Michaela Reilly,michaela.reilly@conrad.net,(773) 606-7736 x5789
76212,Lauren Feil,lauren26@alexzander.info,(293) 857-8209 x10473
22329,Jaron Daniel,jaron.daniel@german.org,1-531-864-2225 x82484
85676,Karianne Reynolds,karianne_reynolds6@nat.name,742-540-2717
61217,Wayne Aufderhar,wayne7@carmella.biz,331-891-9236 x8948
77865,Stone Marquardt,stone43@emanuel.biz,450-378-3690 x511
19538,Alexane Kautzer,alexane51@noemi.net,1-653-891-3126
65725,Shaniya Dickens,shaniya96@dillan.biz,603.293.6051
14072,Kim Bradtke,kim.bradtke63@garry.biz,(859) 382-4937 x94356
34831,Meggie Wilkinson,meggie_wilkinson@harvey.biz,530-398-9449 x8114
15724,Cleve Fritsch,cleve_fritsch90@shanny.net,326-652-4185 x1407
82411,Ari Swaniawski,ari_swaniawski@myrtle.name,(271) 774-1692 x47060
3510,Judge Corwin,judge1@makenna.org,444-280-0822
27506,Stevie Purdy,stevie2@orpha.net,737.746.2523 x0767
37810,Ari Brown,ari_brown@emery.info,586-880-4108
63559,Ramiro Considine,ramiro_considine56@dayne.com,(401) 246-1987 x977
8782,Cristal Yost,cristal.yost@roberto.com,(462) 217-6885
68906,Clinton Weimann,clinton_weimann@gwen.com,289.989.1828
13803,Margarette O'Keefe,margarette.okeefe99@alysha.name,750.839.3556 x87726
44859,Americo Lindgren,americo_lindgren@jimmy.name,(874) 374-3344 x726
16379,Magdalen Gulgowski,magdalen57@adrain.name,862-876-2890 x0218
63972,Payton Reynolds,payton.reynolds@krystal.biz,1-510-316-1273 x04056
74665,Evalyn Padberg,evalyn49@jamir.com,595-901-9978 x12440
19736,Marianne Bergstrom,marianne_bergstrom62@milford.info,821.769.5167 x37808
6543,Bret Weimann,bret.weimann54@alejandra.info,(994) 957-1872 x1902
77522,Keyshawn Davis,keyshawn13@stanford.org,502.918.6465 x74904
6416,Claude Rosenbaum,claude.rosenbaum@jany.name,1-459-587-5809
92848,Monserrate Orn,monserrate_orn96@veronica.biz,1-339-363-5584 x15230
35605,Gene Emard,gene78@damon.com,(741) 768-2665 x7871
20726,Viola Walker,viola_walker72@deon.name,1-781-827-3183 x382
41740,Maia Cormier,maia.cormier@lucile.net,451-306-9446 x9910
64607,Damian Ward,damian49@lorena.info,1-220-898-4102
29332,Ashleigh Erdman,ashleigh57@magnolia.biz,893.384.1191 x53533
66544,Gracie Goodwin,gracie_goodwin@isabella.info,556-972-6447
49173,Charlie Murphy,charlie_murphy@ernestine.com,(753) 523-9448
81985,Jordy D'Amore,jordy.damore@adriana.net,905-270-8083
72368,Germaine Tremblay,germaine86@willa.info,866-946-3333
18680,Renee Fadel,renee_fadel@nakia.net,(317) 232-0359
81910,Salvador Wisozk,salvador45@shayne.biz,563.275.0134 x652
36104,Nia Stokes,nia_stokes40@hailee.info,(348) 624-1503 x23499
49798,Eudora Roob,eudora.roob@loren.info,418-985-1819 x610
23288,Tanner Zulauf,tanner.zulauf96@jazmyn.info,(563) 800-5928 x920
62520,Hermina Predovic,hermina.predovic31@jameson.net,403.298.8567 x210
31114,Sallie Casper,sallie.casper@jazmyne.name,(725) 315-1765 x460
51047,Delia Thompson,delia_thompson41@jordy.info,227.238.7675 x866
92016,Jeff Weber,jeff_weber28@phoebe.name,277.934.3904
18703,Enrico Mitchell,enrico_mitchell@mireille.com,1-324-642-5496 x12392
83942,Heloise Ernser,heloise91@frieda.biz,(430) 258-3999
57883,Mittie Schultz,mittie.schultz@lesly.com,1-232-314-3180 x5959
79224,Percy Block,percy28@judge.biz,1-419-419-5763 x207
76581,Cordelia Kemmer,cordelia_kemmer@aurelie.info,333-840-7761
30540,Keegan Crona,keegan_crona85@ariel.com,741-264-3660
76066,Anya Hilpert,anya37@ahmad.name,917-987-7478 x724
49652,Sebastian Hermiston,sebastian60@edward.biz,569.832.7605
6496,Samir Welch,samir32@quincy.com,296-330-1289
59824,Fletcher Abernathy,fletcher_abernathy@quincy.name,(957) 604-5084 x30052
62432,Cloyd Zieme,cloyd90@marjorie.com,778-853-8955
49610,Betty Spinka,betty.spinka@theodora.com,(402) 867-0914 x6364
21566,Lori Adams,lori.adams@jordyn.biz,1-734-475-7598
16092,Suzanne Abernathy,suzanne.abernathy@roman.info,379.534.0520 x1408
53539,Brent Pacocha,brent47@mellie.name,(269) 896-7300 x85891
39935,Astrid Stanton,astrid61@emma.name,814-480-4699
88765,Demond Brakus,demond.brakus37@michele.info,921.938.4662
38337,Lindsey Zulauf,lindsey81@miguel.biz,1-828-542-4708
28165,Jakayla Tromp,jakayla53@miller.org,821.462.8866 x117
2791,Velda Hane,velda83@sister.name,1-556-801-0152
71971,Israel Cummings,israel54@amely.org,373.951.6971
64705,Lucienne Walker,lucienne.walker27@garrick.info,529.982.9778
90570,Dorothy Weimann,dorothy87@ismael.org,642.709.6078
18395,Harry Kovacek,harry2@augustus.info,778.861.8086
61100,Mozell Jenkins,mozell66@frieda.com,(316) 797-8242 x178
49300,Leonardo Aufderhar,leonardo_aufderhar43@jace.net,(912) 923-5232 x030
31714,Fern Bergstrom,fern.bergstrom87@destiney.org,1-407-285-6329
19462,Keshaun Botsford,keshaun_botsford@heidi.com,932-691-6463 x266
49158,Werner Jones,werner_jones12@audie.org,400-855-7572 x5612
27622,Gail Heidenreich,gail88@camron.info,801-546-3126 x168
80307,Cecile Harber,cecile_harber@maegan.info,(879) 446-1070
53223,Concepcion Reynolds,concepcion.reynolds27@adan.name,(957) 507-1478 x092
44955,Alycia Weimann,alycia34@bessie.org,866.248.2938
92668,Craig Hahn,craig.hahn@carolyn.net,(597) 577-4279
83446,Vincent Renner,vincent_renner@emanuel.info,958.803.1045 x538
94623,Jose Rosenbaum,jose59@ollie.net,613-248-0116 x6060
6364,Eula Kuhn,eula.kuhn26@ayla.com,1-904-417-1888 x0274
84408,Fern Christiansen,fern4@braden.net,795-461-0126
99530,Gustave Bosco,gustave_bosco55@forest.info,1-406-427-5209 x36972
25527,Dewayne Bergnaum,dewayne15@zane.name,(375) 438-5385
76491,Niko Welch,niko84@frederique.org,582-778-1029 x073
55034,Heidi Carroll,heidi_carroll@keanu.info,1-419-569-4398
21851,Fritz Predovic,fritz_predovic@delmer.com,1-342-438-5175
74706,Laney Grady,laney71@geraldine.com,1-266-481-7388 x8787
14314,Adella Klocko,adella_klocko@brycen.info,(309) 452-2107 x08205
77329,Kaci Johnson,kaci.johnson@twila.net,790.271.4452 x4791
92053,Reymundo Bogisich,reymundo.bogisich73@ceasar.org,1-661-996-1176
44,Gustave Kuhlman,gustave42@lizeth.name,743-674-4709 x336
52850,Dora Cruickshank,dora_cruickshank85@kurt.name,994.613.3619
97476,Carlos Jacobi,carlos.jacobi85@gia.biz,338-418-5077 x0654
98203,Jalyn Ritchie,jalyn27@madison.biz,657.346.9621 x0289
53670,Cortney Yundt,cortney_yundt@frederique.biz,435.339.2353
56365,Keon Dickens,keon.dickens83@sammie.net,(759) 992-3991 x23366
51840,Eladio Koch,eladio_koch@michel.com,1-471-724-5946 x885
45212,Matteo Moore,matteo.moore@raphael.com,507.857.2770 x368
17908,Brenna Kreiger,brenna_kreiger@elmore.info,(888) 601-9891 x637
8175,Adrien Dickinson,adrien.dickinson@phyllis.name,234-761-0093
20199,Rudolph Orn,rudolph31@deven.net,1-740-254-1453 x26094
15904,Quentin Dibbert,quentin.dibbert@mariane.com,602.573.6635 x8734
19032,Clarissa Schaden,clarissa.schaden24@jazmyn.name,1-423-599-5633 x8185
12565,Helga Schiller,helga.schiller49@toy.net,742.752.9862
79914,Jayde Feil,jayde_feil@alexander.org,843-756-8985 x720
28897,German Deckow,german_deckow@brant.name,679-820-9600
10218,Guido Legros,guido.legros@minerva.org,487.362.8223 x86932
57034,Vern Schoen,vern_schoen@henriette.net,960.295.4477 x5759
22422,Naomie Murray,naomie40@mylene.com,(892) 511-8827 x914
92846,Andreanne Bosco,andreanne_bosco28@chaya.com,(835) 509-4503
47168,Florida Wyman,florida56@julius.info,(655) 490-6654 x986
91411,Jovani Upton,jovani.upton76@cullen.name,288.480.8452 x9853
1159,Stan Wolf,stan.wolf24@maximilian.name,(473) 546-4280
82631,Jeremy Rau,jeremy.rau52@grady.com,484.743.9189
38108,Jazmyn Legros,jazmyn_legros@filomena.com,1-441-320-8449 x2814
21558,Rocio Crooks,rocio7@cortez.info,(405) 536-1633 x49276
93845,Kira Gerhold,kira.gerhold73@camilla.net,425-585-3757
3377,Amaya Lesch,amaya.lesch28@johnson.org,1-908-377-5675 x996
91223,Houston Kihn,houston_kihn55@trevion.org,765-657-2899 x88837
61918,Tod Schuppe,tod15@zaria.org,1-607-350-6181 x06820
83993,Vincenza Reichert,vincenza_reichert@hoyt.net,1-899-432-3365
93107,Candace Pacocha,candace_pacocha82@anna.info,463.809.5997
70034,Alisa Mohr,alisa.mohr18@ryann.name,(581) 451-1164
88553,Zita Price,zita3@nathen.org,(725) 330-5795
83796,Birdie Boehm,birdie6@jazlyn.net,(244) 519-9313 x7461
40368,Alaina Koch,alaina.koch2@maria.net,1-554-211-4192
19514,Isac Blick,isac_blick21@nya.biz,533-310-4676
25094,Vance Hackett,vance_hackett@abbey.com,925-323-7218
42399,Jerrell Kassulke,jerrell.kassulke4@catalina.com,1-858-570-0521 x10584
21446,Andreanne Kris,andreanne35@nicolas.org,606.990.7857 x240
14841,Abdullah Boyer,abdullah60@barney.org,798-878-5951 x9784
95530,Amari Kreiger,amari45@dexter.com,(209) 735-4408
65546,Christine Pollich,christine_pollich14@murray.org,458-514-6182 x23771
97862,Brooks Pollich,brooks91@rebeka.net,698.819.6620 x472
43424,Reymundo Tillman,reymundo51@marty.net,411.500.7608 x214
42324,America Runolfsson,america.runolfsson@katarina.net,(559) 976-9835
99007,Elfrieda Mraz,elfrieda_mraz@salvador.biz,(657) 297-7262 x373
48295,Leta O'Keefe,leta.okeefe22@damian.biz,446.991.8813 x514
50203,Bailey Lesch,bailey.lesch@jeffery.biz,(579) 391-8867
6127,Camryn Rau,camryn_rau@yesenia.net,896-749-5557 x5646
42485,Glennie Corkery,glennie_corkery76@dave.name,(830) 230-9385 x906
80040,Winfield Schiller,winfield_schiller@tessie.info,764.867.4928 x2587
74153,Stan Walker,stan.walker@quinn.biz,227-768-2855
34629,Robyn Larkin,robyn.larkin4@ford.org,821.993.5150 x808
81201,Brooks Gerhold,brooks.gerhold@janelle.net,380.760.3473 x5042
61849,Princess Predovic,princess95@isai.name,382.787.4266 x579
83919,Lyla Bergstrom,lyla.bergstrom18@kenton.biz,1-669-375-3117 x644
21843,Carmine Grant,carmine_grant@emelia.name,925-214-9999 x2005
63142,Harmon Heaney,harmon_heaney29@ayana.biz,613-982-7617
5713,Doris Bradtke,doris_bradtke78@jillian.org,337.551.0355
85375,Elise Ritchie,elise_ritchie37@wilma.org,383-841-2143
59653,Elvie Mante,elvie_mante@mariah.name,913-706-3131 x885
51730,Jakob Mosciski,jakob10@josh.info,1-840-953-0932 x64522
38695,Carli O'Reilly,carli.oreilly3@rashawn.net,1-510-333-6521
45127,Roselyn Langworth,roselyn_langworth@daphnee.biz,878-810-2577
66448,Candice Swift,candice16@maribel.info,637-951-5402
82662,Ryleigh Ryan,ryleigh_ryan1@fidel.com,232.902.9938 x77706
83934,Chesley Yost,chesley42@luella.net,1-206-207-4800 x8576
40821,Yadira Grimes,yadira.grimes97@buster.info,(445) 259-6369
16317,Addison Armstrong,addison_armstrong@jaron.org,732-610-9732
9861,Joanny Marvin,joanny_marvin@thaddeus.info,749.661.6819
66792,Enrique Powlowski,enrique5@dawn.org,(584) 982-7554 x3233
92519,Shayna Reichel,shayna47@josefina.info,(689) 233-0241 x397
92323,Breana Beatty,breana92@frances.info,(726) 473-4434
7934,Alanis Lemke,alanis_lemke@jamarcus.biz,(783) 220-3427
7652,Lyric Schmeler,lyric.schmeler32@wilfred.name,677.491.8165 x51708
63986,Eunice Schmidt,eunice47@rudolph.info,314.920.3616
49183,Louvenia Welch,louvenia46@colleen.name,(410) 428-4357 x8002
81038,Camille Murazik,camille74@kayli.net,(514) 871-9853 x9349
75264,Madelyn Stoltenberg,madelyn39@violet.com,(718) 769-9931 x53312
69275,Jeramy D'Amore,jeramy_damore@noemi.com,1-675-844-9149 x9185
62616,Sallie Lindgren,sallie_lindgren@shyann.org,1-334-451-6074
51376,Yoshiko Waters,yoshiko_waters@kenny.net,1-830-547-5999
44730,Justus Pagac,justus_pagac95@verner.org,1-934-260-8366
85336,Nora Bosco,nora_bosco28@linda.biz,757.829.7215 x1127
36480,Otto Harvey,otto75@jillian.name,720.258.8930 x8577
39417,Roderick Schmitt,roderick.schmitt21@norwood.biz,243.517.7403 x14252
37619,Brant Schumm,brant_schumm68@aidan.biz,338-749-6056
32706,Eden Walter,eden.walter6@jovani.org,1-295-940-2741 x70146
84362,Mona Cartwright,mona.cartwright85@johann.info,302-320-8625 x65789
10321,Melany Dickens,melany66@magdalen.com,271-506-6970 x890
13742,Houston Tromp,houston_tromp@harmony.info,442.347.1255 x22367
61809,Bobby Breitenberg,bobby12@nicklaus.org,1-260-298-3526 x634
64669,Monique Pfeffer,monique_pfeffer@katelynn.info,1-786-848-9649
74880,Jane Reilly,jane_reilly80@earlene.net,(251) 201-0069 x5707
83016,Gisselle Bergstrom,gisselle_bergstrom@helen.name,441.998.1296 x500
84442,Cathy Grady,cathy59@tatum.net,515-608-3129
2382,Deanna Keebler,deanna.keebler79@edward.org,1-995-711-9037
68772,Carol Howell,carol_howell38@schuyler.org,943-543-8418 x9434
56106,Maxime Oberbrunner,maxime.oberbrunner94@jennie.org,1-308-644-6940
20329,Merl Torphy,merl_torphy3@jairo.net,(545) 707-3585 x1552
37330,Rita Stamm,rita.stamm@demond.name,1-769-614-0623 x67646
39462,Delaney Hamill,delaney51@prudence.info,802.918.3855 x49384
43425,Hayley Hermiston,hayley_hermiston14@rogelio.org,551.452.1730 x61575
12010,Camron Boehm,camron_boehm98@derrick.org,965.625.1291
704,Sandy Hickle,sandy.hickle@ellen.org,(478) 436-6705 x834
41972,Esteban Feest,esteban_feest33@julius.biz,(420) 213-2054 x8682
87190,Constantin Abshire,constantin.abshire@makenzie.net,(794) 818-0789 x4653
23180,Finn Feil,finn63@davonte.biz,(526) 688-3181 x866
84831,Liam Ebert,liam.ebert@naomi.net,1-225-289-7343 x128
86476,Shanel Goldner,shanel_goldner15@keyshawn.name,803.301.9886
40946,Maudie Hirthe,maudie_hirthe80@liliana.net,1-317-779-5852
70881,Janiya Kuphal,janiya33@sallie.com,1-339-518-3206 x8116
64904,Charlene Lockman,charlene.lockman@deron.info,990.246.1334 x3766
82674,Jaida Conn,jaida46@chelsea.biz,798-589-1428 x15603
21610,Jewell Abernathy,jewell_abernathy@domenic.org,(410) 662-6168
2956,Alyce Emard,alyce97@rose.name,1-828-836-2155
58653,Chaim Armstrong,chaim_armstrong@jarrett.info,783.230.5379
64980,Sigurd Kemmer,sigurd.kemmer@nathanial.com,294.447.9858
81625,Kyra Cummings,kyra_cummings51@kay.name,740.494.8613
32567,Mafalda Mayer,mafalda.mayer23@cora.name,1-218-883-8581 x42317
1671,Francesca Senger,francesca_senger50@francesca.info,797.901.1242 x510
5555,Margarett Auer,margarett.auer16@camille.net,474-239-4032
1681,Lila Bruen,lila33@marian.name,663.819.3473
90635,Frederik Shanahan,frederik98@stevie.name,1-453-218-0656
23070,Ramiro Swaniawski,ramiro61@kaley.org,598-489-9862
9827,Adonis Schmidt,adonis.schmidt@jesus.org,1-552-430-8466
23159,Margarett Strosin,margarett_strosin@cole.com,970.470.4425 x139
28856,Lysanne Reynolds,lysanne.reynolds19@chaz.name,229.806.1269
92162,Gay Dibbert,gay33@peggie.com,956-429-8209
11734,Jadyn Kihn,jadyn_kihn33@yessenia.org,635.973.7892 x69593
76808,Jacques Homenick,jacques_homenick@janiya.net,462-613-7919 x020
24893,Kaelyn Ullrich,kaelyn.ullrich@pamela.biz,(459) 334-4708
90318,Terence Funk,terence.funk@savion.info,353.912.1438 x6343
73097,Charley Lesch,charley45@london.biz,756-582-2805
88328,Delpha Terry,delpha66@nelson.org,1-796-272-1108 x19474
17074,Everett Jacobson,everett50@golden.info,746.642.6704 x2428
31771,Shaina Price,shaina.price@casey.com,514.258.8696
7531,Wilhelmine Hartmann,wilhelmine_hartmann43@alanna.com,1-986-337-9155 x0441
97909,Nestor Schamberger,nestor_schamberger@tressa.name,874.553.7196 x3383
43679,Marco Bayer,marco_bayer@misael.name,292.951.7656 x02232
34681,Kurtis Heller,kurtis76@mina.info,361.518.1477 x5638
21827,Emmie Botsford,emmie_botsford@rey.com,(450) 672-2582 x1515
15893,Jay Senger,jay.senger43@meaghan.net,398.807.3281 x9047
20821,Arvid Kozey,arvid_kozey@julie.net,1-821-407-9728 x2677
24021,Eloise Mraz,eloise.mraz@beulah.biz,773-527-7956 x959
7225,Nyah Jacobson,nyah17@josianne.name,1-730-325-0097 x92486
94955,Darrell Corwin,darrell.corwin@van.com,1-458-246-8280
65738,Hector Rohan,hector.rohan50@christopher.info,850-781-2805 x2830
68556,Raymundo Brekke,raymundo_brekke58@yasmeen.com,350-440-3524
30214,Maida Terry,maida_terry12@lane.info,466.594.2650 x673
80876,Greyson Simonis,greyson.simonis@karelle.info,942-234-7953 x69252
20823,Ramona Schimmel,ramona_schimmel41@heidi.biz,544.837.1830 x3953
96661,Vincenza Yundt,vincenza.yundt@dejon.biz,(258) 564-8621 x6056
13936,Marty Gottlieb,marty.gottlieb@joy.org,(632) 837-7656 x141
95364,Keira McGlynn,keira_mcglynn@norwood.biz,(675) 705-1131 x7640
87483,Aliyah Marquardt,aliyah_marquardt88@nelle.biz,(986) 633-4792 x70597
14655,Abagail Klein,abagail_klein61@lauretta.org,1-257-668-3054 x73954
27551,Edwin Leuschke,edwin_leuschke3@katrine.org,(316) 308-9152 x17206
85245,Wilton Robel,wilton.robel@warren.biz,1-687-614-0763 x3702
3196,Andreane Schuppe,andreane.schuppe@jillian.org,996.365.0123 x909
72362,Reid Langosh,reid.langosh@derek.biz,451-492-2259 x87466
26416,Toni Keeling,toni32@danyka.name,840-836-2793 x16848
89580,Jewel Pfannerstill,jewel_pfannerstill@jessyca.info,1-358-977-0828
67020,Flossie Will,flossie_will@eliseo.biz,1-884-253-7091 x434
67136,Genevieve Kozey,genevieve.kozey@garett.biz,759.388.5456
98252,Alisha Heathcote,alisha49@lexie.com,517.856.6858
70362,Julius Kozey,julius.kozey3@jeramy.org,207.431.7265
41459,Nat Moore,nat50@aurore.org,640.920.6024 x223
23031,Tierra Hoppe,tierra46@freida.info,845-252-8033 x03314
36473,Maritza Abshire,maritza.abshire@alessandra.name,1-800-260-5514 x511
8071,Llewellyn Steuber,llewellyn80@karen.com,751.739.3497 x307
2457,Keyshawn Ziemann,keyshawn.ziemann26@kendrick.name,(833) 486-0011 x69232
56740,Tremaine Kiehn,tremaine.kiehn@marjory.org,1-360-241-3390 x90287
68809,Tevin Kovacek,tevin.kovacek@lloyd.org,1-879-903-5875 x9148
90754,Vivianne Mertz,vivianne4@willis.biz,890-445-7438 x0310
63292,Kamren Roob,kamren_roob99@heber.com,(212) 552-3700
97932,Casey Sipes,casey_sipes@imogene.com,606.893.3650
45258,Fiona Krajcik,fiona_krajcik@gonzalo.com,1-962-516-5489 x048
1300,Eliseo Abbott,eliseo_abbott38@trevion.name,383-312-4582
49565,Halle Marvin,halle86@evelyn.info,(507) 597-9990 x04078
61397,Aida Bailey,aida65@joaquin.net,1-495-753-5092 x64852
32016,Izabella Schinner,izabella33@salma.net,(414) 444-7622 x52745
58162,Jefferey Mohr,jefferey_mohr@domenic.info,1-244-873-9828
88726,Paige Frami,paige.frami@shayne.name,318.707.5586 x15020
96505,Jillian Hilll,jillian_hilll5@narciso.name,(330) 376-6729 x29903
34719,Roderick Runolfsdottir,roderick.runolfsdottir27@jayden.biz,(541) 239-1039 x32335
19367,Diana Welch,diana49@eulalia.com,(930) 597-3031
25282,Mauricio Hettinger,mauricio.hettinger56@abelardo.org,(740) 802-4328 x32423
25463,Darryl Herzog,darryl77@laurel.name,683-808-4133 x8717
45752,Antonetta Ullrich,antonetta.ullrich89@dereck.name,263-872-6554 x865
3637,Gunnar Senger,gunnar39@eddie.com,(862) 685-0561 x29764
54325,John Runte,john46@leila.info,(801) 201-6330 x30272
64754,Yoshiko Haag,yoshiko58@cornelius.net,796.950.5644 x208
91965,Jasen Kuhn,jasen_kuhn64@abe.net,(784) 234-2464 x50695
36472,Warren Frami,warren.frami55@cali.net,(415) 657-4577 x927
92183,Ebony Ferry,ebony.ferry@doris.name,823.697.8106 x9886
31993,Derrick Renner,derrick.renner@shanon.name,(736) 708-6323
93061,Catharine Halvorson,catharine.halvorson55@sherwood.info,1-305-702-3298 x3334
61182,Burnice Lesch,burnice_lesch99@brooks.name,318.632.8143 x0459
88067,Kacie Gusikowski,kacie.gusikowski@percival.info,(944) 467-5490 x6410
93420,Lionel Wolf,lionel_wolf6@tristian.org,432-416-8219
73205,Elwyn Yost,elwyn_yost82@collin.name,(541) 667-2965 x7923
50441,Jalen Gerlach,jalen.gerlach@holly.org,591.842.3848 x6370
24018,Eloy Hilpert,eloy3@veda.net,(707) 726-7700 x047
26550,Gabrielle Legros,gabrielle_legros71@lou.biz,(835) 928-9540 x89192
57384,Raleigh Hegmann,raleigh24@flavio.name,(883) 913-5563 x20697
14613,Lilly Larson,lilly_larson@ryan.com,1-919-495-1203 x514
58667,Arnold Kirlin,arnold_kirlin18@kylie.org,828-978-8407 x814
87688,Valentin Blanda,valentin54@hollis.org,1-560-953-8822 x00633
6877,Marty Quigley,marty98@cedrick.name,1-984-767-5564 x429
24754,Dakota Koepp,dakota.koepp85@leanna.info,747-349-1180
94418,Reggie Von,reggie_von85@willie.net,1-935-836-9989 x4936
61701,Else Bradtke,else30@theodora.org,505.487.0308
66960,Mariana Nolan,mariana95@hayden.com,1-545-962-6655 x24321
67903,Maci Olson,maci_olson@flo.info,(421) 916-7688
94660,Aubree Powlowski,aubree94@hope.name,752-506-1754 x37959
16716,Alayna Waters,alayna.waters@cleora.biz,(501) 327-6097
39426,Chauncey Schinner,chauncey_schinner30@modesto.info,(341) 845-1551 x63544
96004,Gerry O'Conner,gerry92@imelda.biz,(645) 659-4333
74438,Mariana Schamberger,mariana.schamberger4@jackie.name,(229) 540-3210 x7797
32750,Benjamin Kihn,benjamin_kihn60@yesenia.org,696.913.0585
16648,Germaine Heaney,germaine73@major.info,(708) 700-0114 x251
76209,Matilde Jacobson,matilde_jacobson@sydnee.org,421.354.4542 x5424
12682,Tyra Hayes,tyra67@alberta.net,241-399-4355
84904,Nelson Mann,nelson7@camren.org,432-356-5102 x22546
13631,Mike Spencer,mike54@elise.biz,563.272.8001
23091,Kay Towne,kay.towne@travis.org,(415) 901-5259 x27623
85626,Victoria McCullough,victoria27@abbie.net,(918) 893-2812 x6092
22908,Eleonore Jacobi,eleonore_jacobi8@hallie.biz,(493) 720-0259 x4688
17511,Patience Aufderhar,patience_aufderhar@pearlie.net,854.943.4021 x551
32151,Talon Jacobson,talon6@jermain.info,221-743-5950
53808,Dawn Rowe,dawn_rowe89@audra.name,(923) 209-3513 x368
12718,Brody Russel,brody6@patsy.com,215.747.2192
20603,Tiara Christiansen,tiara.christiansen96@ilene.net,(747) 502-9462 x20924
61678,Demarco Bernier,demarco96@blake.com,(444) 587-2910 x34593
76937,Alexandrine Senger,alexandrine_senger@earline.info,1-275-835-7652
52298,Zula Orn,zula.orn19@armand.net,745-718-8975
71611,Addie Beier,addie31@brielle.name,(968) 224-0410
23917,Savanah Hansen,savanah_hansen@scotty.net,450.512.2416 x044
37406,Elwyn Predovic,elwyn10@domingo.net,783-556-0121
54344,Eleazar Koch,eleazar_koch41@nick.biz,1-315-541-8429 x6650
22663,Ernest Brakus,ernest_brakus@christina.com,1-420-285-8088 x2270
29547,Donato Muller,donato19@magdalena.info,292-462-4183 x27655
83825,Demond Gaylord,demond3@damaris.com,(909) 601-6574 x72529
11547,Keshaun Spinka,keshaun.spinka58@jackeline.name,1-552-585-3093
42419,Ericka McLaughlin,ericka_mclaughlin@lyla.name,(618) 307-0236
15806,Lydia Gulgowski,lydia_gulgowski@jewel.org,377-442-5710 x778
84016,Herman Schmidt,herman5@ned.com,(740) 491-8703
66997,Otis Raynor,otis33@jacynthe.biz,1-896-251-1241 x517
61504,Vida Yost,vida_yost@randi.com,425.928.3523 x053
30245,Juwan Durgan,juwan.durgan@rolando.org,783.415.4111
37878,Adele Kulas,adele3@cordie.net,(525) 372-8109
87233,Jillian Wisozk,jillian0@rocio.com,797.347.6129
66514,Alanna Willms,alanna.willms91@gerda.net,1-533-857-8545 x1201
35067,Madie Hilll,madie.hilll62@efren.info,789.987.0909 x9543
73909,Ada Veum,ada86@fanny.org,754-522-4825
38806,Rollin Wiegand,rollin.wiegand38@adah.net,1-944-864-5700 x214
81936,Marshall Adams,marshall12@ernestine.org,(967) 928-5615 x07691
75841,Wyatt Becker,wyatt24@guido.biz,945-511-0101 x455
6763,Domenick Boyer,domenick18@franz.com,1-592-386-9842 x4100
2675,Mauricio Harber,mauricio25@ignatius.net,(507) 697-0314
92159,Alena Gorczany,alena29@ciara.biz,454.765.1261 x67656
37134,Lukas O'Connell,lukas15@niko.org,1-688-546-8728 x1509
91318,Levi O'Kon,levi54@isabelle.org,241-946-9641 x4525
60273,Elmira Rice,elmira35@matilda.biz,812-651-0739 x157
28424,Jarret Rippin,jarret.rippin92@tina.info,1-275-511-5866
10289,Mariah Smith,mariah_smith59@edythe.info,487.940.8219 x4932
57660,Roxane Hane,roxane_hane@mauricio.com,1-240-252-6005
3011,Jaunita Walker,jaunita_walker@paxton.info,976.899.7422
95998,Marianna Wiegand,marianna_wiegand91@cali.com,(862) 866-3432
18632,Theresia Heller,theresia_heller6@sean.biz,(443) 849-7564
6565,Lyric Schumm,lyric40@darren.org,(212) 585-0991 x362
33832,Frederique Little,frederique_little79@woodrow.com,202-291-5882 x2403
77437,Katharina Stracke,katharina_stracke@timmy.name,849-573-8986 x8955
14299,Isaac Herzog,isaac29@laurine.biz,(607) 216-9786 x20804
44668,Guadalupe O'Keefe,guadalupe.okeefe@pat.name,463.474.8364 x33532
1646,Korey Pfannerstill,korey39@hubert.org,341-888-5976 x332
9692,Curtis Stamm,curtis.stamm4@turner.org,653-627-9741
13255,Evan Hettinger,evan_hettinger@grant.name,1-294-430-5470 x94365
15737,Lon Parker,lon.parker@ryder.org,1-820-922-3794 x9335
5002,Micheal O'Keefe,micheal.okeefe@emmanuelle.info,1-262-246-1106 x499
79155,Brad Breitenberg,brad_breitenberg84@malcolm.org,554.625.0373 x7575
83432,Hermann Pfannerstill,hermann51@roy.com,1-327-887-2565
58159,Winifred Sipes,winifred.sipes88@janelle.org,(590) 909-2519
76635,Elva Price,elva.price73@merl.net,(613) 211-1805 x108
86323,Roma Goodwin,roma_goodwin@lavada.com,762-316-7561 x538
92540,Melba Paucek,melba50@garrison.net,1-359-293-4380
22076,Alec Cole,alec.cole69@danny.biz,964.698.0939
78782,Gretchen Rutherford,gretchen51@marilyne.net,1-532-850-1660
736,Edna Goldner,edna70@minnie.biz,(470) 841-1027
99424,Novella Mante,novella38@jazmyn.com,(827) 697-6093 x199
58800,Doug Howe,doug8@leonel.info,1-857-596-9380 x3812
47517,Aditya McCullough,aditya36@rashawn.com,1-635-724-7595
66300,Deshawn Baumbach,deshawn.baumbach@arnold.biz,(315) 909-5716
79710,Mariane Bogan,mariane.bogan@abner.net,1-881-520-3606 x338
77217,Keira Blanda,keira59@reina.com,553-634-7159 x09071
25725,Richmond Marvin,richmond36@prudence.com,264.953.7134 x27327
98157,Florine Leffler,florine26@chet.info,1-628-355-3067
45244,Blanche Rippin,blanche.rippin3@karl.name,979.531.5608
70764,Connie Rosenbaum,connie_rosenbaum@hadley.info,778-916-0540 x13795
38480,Dora Murazik,dora53@hayden.name,1-659-824-0211 x43618
60736,Alfonso Koch,alfonso_koch65@eulalia.net,444-537-0310
92293,Lorna Heidenreich,lorna0@ewald.org,577.411.8538 x91354
8819,Liana Flatley,liana.flatley@lowell.com,(271) 434-2963
15006,Leanna Denesik,leanna.denesik@aurelio.info,(750) 616-0355 x56796
17215,Josiah King,josiah18@florian.com,1-939-971-6517 x5965
13394,Mercedes Romaguera,mercedes75@sarina.name,517-628-5481
57397,Treva Koepp,treva_koepp@edna.com,1-774-827-2156 x3644
99264,Jennyfer Gorczany,jennyfer.gorczany@kayli.org,522-287-9349
76624,Veda Boehm,veda_boehm34@bessie.name,1-714-492-4209
14313,Matilde Schroeder,matilde24@effie.name,719-452-5356
18655,Etha Kautzer,etha78@cary.biz,764-392-0872 x8038
5254,Effie Dicki,effie.dicki85@nathanael.biz,872-557-3921
91102,Margarette Fisher,margarette97@mekhi.info,(702) 850-1755
16686,Ethel Schamberger,ethel32@ephraim.info,(330) 245-8504
34254,Reinhold Yost,reinhold41@nayeli.name,463-703-2889 x28942
78897,Hassie Willms,hassie28@keyon.com,255-688-6426
74414,Elwyn Wilderman,elwyn_wilderman@sammy.name,502-604-1928 x63375
43228,Leann Auer,leann_auer85@royce.org,467-286-1071 x64664
65221,Tessie Christiansen,tessie_christiansen59@andrew.org,292-277-1045 x40545
88829,Buford Ernser,buford.ernser6@charlotte.biz,516-607-5487 x10858
44926,Mohamed Muller,mohamed_muller@lucy.org,630.695.3938 x77304
52723,Laurel Will,laurel.will3@rylee.info,965.931.9627
52483,Landen Friesen,landen_friesen@rickie.info,372.401.5780 x0658
16887,Marquise Corwin,marquise_corwin93@jazlyn.biz,1-691-489-1933 x95739
11101,Rubye Lind,rubye.lind71@colleen.com,407-628-5816 x796
46379,Christophe Sawayn,christophe.sawayn@leatha.name,(680) 470-5452
39567,Gianni Kassulke,gianni80@joannie.com,445.739.3690 x757
79010,Jodie Hane,jodie6@lyda.net,1-520-270-4029
3758,Cheyanne Goyette,cheyanne67@jaren.info,990-360-9219 x5820
8325,Murray Gerlach,murray43@dewitt.org,1-716-649-0522
69305,Joseph Crist,joseph80@verna.info,1-326-579-7630 x328
26425,Ona Quitzon,ona.quitzon11@art.org,(784) 898-0516
95065,Aditya Bednar,aditya.bednar@gerard.name,(258) 807-7622 x555
58898,Cali Nader,cali45@jovany.org,434.414.4702 x621
41749,Clark Kulas,clark_kulas@manuel.info,422.445.8721 x27385
14885,Weston Lueilwitz,weston6@marta.biz,642.928.2888 x734
53630,Nasir Hegmann,nasir.hegmann12@malinda.net,866-805-5830
10793,Mohamed Franecki,mohamed21@earnest.org,1-246-526-5571
58283,Brody Boyer,brody_boyer@quentin.net,666.214.1991 x3610
48402,Jack Kovacek,jack.kovacek87@pattie.name,776-984-9052
82947,Ericka Kertzmann,ericka_kertzmann@genoveva.org,650-497-4675
38298,Elsa Lebsack,elsa36@kayleigh.net,(923) 823-3899 x7944
95143,Fanny Brown,fanny.brown64@aric.biz,(350) 615-7588
84567,Geo Kuhlman,geo_kuhlman@rhett.info,1-904-794-1060
38582,Fritz Beahan,fritz.beahan67@meda.com,1-537-680-4988 x194
29930,Jakob Watsica,jakob6@katherine.net,(578) 670-2869
31600,Agustina Reichert,agustina_reichert@jany.org,212-528-6993
22471,Cleta Mante,cleta.mante@waldo.com,418.217.6772
20596,Gabe Treutel,gabe_treutel@stevie.name,536.252.8831
52536,Westley Reynolds,westley58@winfield.net,603.506.0276 x781
53127,Mitchel Pfeffer,mitchel.pfeffer35@keven.net,612-525-8934
2796,Ervin Ankunding,ervin97@yasmine.org,609.238.3199
48064,Albin Tromp,albin_tromp@delmer.net,1-953-990-1620 x4411
55825,Josiah Dooley,josiah_dooley68@maurice.name,(992) 887-9906 x328
87196,Anita Veum,anita_veum93@sigurd.name,1-813-685-1839
17215,Winifred Jerde,winifred13@daron.info,562.204.3072 x3642
86570,Solon Glover,solon_glover16@ottilie.com,219-790-7722 x491
56845,Fredy Huel,fredy_huel@osborne.org,(243) 550-6898
48863,Cassandra Mertz,cassandra86@stanton.net,233-646-1707
54884,Nannie McLaughlin,nannie71@kenton.name,1-231-482-1642
1919,Caden Ankunding,caden_ankunding70@kaycee.info,234-950-9730 x44955
45881,Domenica Schneider,domenica_schneider91@brisa.net,(224) 716-3231 x11145
65088,Sigrid Kshlerin,sigrid.kshlerin@orlando.net,882-313-2564
36868,Kevon Olson,kevon_olson@marielle.com,1-341-997-8427 x492
72926,Manuel Lubowitz,manuel.lubowitz@jarret.name,1-579-804-4377
